<?xml version="1.0"?>
<!--<!DOCTYPE metadata SYSTEM "http://www.esri.com/metadata/esriprof80.dtd">-->
<metadata xml:lang="en"><Esri><MetaID>{EEE3B3E5-AB2A-46E5-8582-09F3B31F43D7}</MetaID><CreaDate>20100416</CreaDate><CreaTime>17351000</CreaTime><SyncOnce>FALSE</SyncOnce><DataProperties><lineage><Process Name="AddGlobalIDs_1" ToolSource="C:\Program Files\ArcGIS\ArcToolbox\Toolboxes\Data Management Tools.tbx\AddGlobalIDs" Date="20100416" Time="173510">AddGlobalIDs 'Database Connections\DPR@ParksGIS@gis2.gis.parks.sde\ParksGIS.DPR.Parks\ParksGIS.DPR.Beach';'Database Connections\DPR@ParksGIS@gis2.gis.parks.sde\ParksGIS.DPR.Parks\ParksGIS.DPR.BicycleTrails';'Database Connections\DPR@ParksGIS@gis2.gis.parks.sde\ParksGIS.DPR.Parks\ParksGIS.DPR.Building';'Database Connections\DPR@ParksGIS@gis2.gis.parks.sde\ParksGIS.DPR.Parks\ParksGIS.DPR.Football';'Database Connections\DPR@ParksGIS@gis2.gis.parks.sde\ParksGIS.DPR.Parks\ParksGIS.DPR.Golfcourse';'Database Connections\DPR@ParksGIS@gis2.gis.parks.sde\ParksGIS.DPR.Parks\ParksGIS.DPR.Greenstreet';'Database Connections\DPR@ParksGIS@gis2.gis.parks.sde\ParksGIS.DPR.Parks\ParksGIS.DPR.Handball';'Database Connections\DPR@ParksGIS@gis2.gis.parks.sde\ParksGIS.DPR.Parks\ParksGIS.DPR.KayakCanoeLaunch';'Database Connections\DPR@ParksGIS@gis2.gis.parks.sde\ParksGIS.DPR.Parks\ParksGIS.DPR.Landfill';'Database Connections\DPR@ParksGIS@gis2.gis.parks.sde\ParksGIS.DPR.Parks\ParksGIS.DPR.Monument';'Database Connections\DPR@ParksGIS@gis2.gis.parks.sde\ParksGIS.DPR.Parks\ParksGIS.DPR.Playground';'Database Connections\DPR@ParksGIS@gis2.gis.parks.sde\ParksGIS.DPR.Parks\ParksGIS.DPR.Pool';'Database Connections\DPR@ParksGIS@gis2.gis.parks.sde\ParksGIS.DPR.Parks\ParksGIS.DPR.Property';'Database Connections\DPR@ParksGIS@gis2.gis.parks.sde\ParksGIS.DPR.Parks\ParksGIS.DPR.Soccer';'Database Connections\DPR@ParksGIS@gis2.gis.parks.sde\ParksGIS.DPR.Parks\ParksGIS.DPR.SprayShower';'Database Connections\DPR@ParksGIS@gis2.gis.parks.sde\ParksGIS.DPR.Parks\ParksGIS.DPR.Tennis';'Database Connections\DPR@ParksGIS@gis2.gis.parks.sde\ParksGIS.DPR.Parks\ParksGIS.DPR.Track';'Database Connections\DPR@ParksGIS@gis2.gis.parks.sde\ParksGIS.DPR.Parks\ParksGIS.DPR.WaterFountain';'Database Connections\DPR@ParksGIS@gis2.gis.parks.sde\ParksGIS.DPR.Parks\ParksGIS.DPR.Zone' 'Database Connections\DPR@ParksGIS@gis2.gis.parks.sde\ParksGIS.DPR.Parks\ParksGIS.DPR.Beach';'Database Connections\DPR@ParksGIS@gis2.gis.parks.sde\ParksGIS.DPR.Parks\ParksGIS.DPR.BicycleTrails';'Database Connections\DPR@ParksGIS@gis2.gis.parks.sde\ParksGIS.DPR.Parks\ParksGIS.DPR.Building';'Database Connections\DPR@ParksGIS@gis2.gis.parks.sde\ParksGIS.DPR.Parks\ParksGIS.DPR.Football';'Database Connections\DPR@ParksGIS@gis2.gis.parks.sde\ParksGIS.DPR.Parks\ParksGIS.DPR.Golfcourse';'Database Connections\DPR@ParksGIS@gis2.gis.parks.sde\ParksGIS.DPR.Parks\ParksGIS.DPR.Greenstreet';'Database Connections\DPR@ParksGIS@gis2.gis.parks.sde\ParksGIS.DPR.Parks\ParksGIS.DPR.Handball';'Database Connections\DPR@ParksGIS@gis2.gis.parks.sde\ParksGIS.DPR.Parks\ParksGIS.DPR.KayakCanoeLaunch';'Database Connections\DPR@ParksGIS@gis2.gis.parks.sde\ParksGIS.DPR.Parks\ParksGIS.DPR.Landfill';'Database Connections\DPR@ParksGIS@gis2.gis.parks.sde\ParksGIS.DPR.Parks\ParksGIS.DPR.Monument';'Database Connections\DPR@ParksGIS@gis2.gis.parks.sde\ParksGIS.DPR.Parks\ParksGIS.DPR.Playground';'Database Connections\DPR@ParksGIS@gis2.gis.parks.sde\ParksGIS.DPR.Parks\ParksGIS.DPR.Pool';'Database Connections\DPR@ParksGIS@gis2.gis.parks.sde\ParksGIS.DPR.Parks\ParksGIS.DPR.Property';'Database Connections\DPR@ParksGIS@gis2.gis.parks.sde\ParksGIS.DPR.Parks\ParksGIS.DPR.Soccer';'Database Connections\DPR@ParksGIS@gis2.gis.parks.sde\ParksGIS.DPR.Parks\ParksGIS.DPR.SprayShower';'Database Connections\DPR@ParksGIS@gis2.gis.parks.sde\ParksGIS.DPR.Parks\ParksGIS.DPR.Tennis';'Database Connections\DPR@ParksGIS@gis2.gis.parks.sde\ParksGIS.DPR.Parks\ParksGIS.DPR.Track';'Database Connections\DPR@ParksGIS@gis2.gis.parks.sde\ParksGIS.DPR.Parks\ParksGIS.DPR.WaterFountain';'Database Connections\DPR@ParksGIS@gis2.gis.parks.sde\ParksGIS.DPR.Parks\ParksGIS.DPR.Zone'</Process><Process Name="Add Field (7)" ToolSource="C:\Program Files\ArcGIS\ArcToolbox\Toolboxes\Data Management Tools.tbx\AddField" Date="20100518" Time="081012">AddField "Database Connections\DPR@ParksGIS@gis2.gis.parks.sde\ParksGIS.DPR.Parks\ParksGIS.DPR.Property" Precinct LONG 10 # # # NULLABLE NON_REQUIRED # "Database Connections\DPR@ParksGIS@gis2.gis.parks.sde\ParksGIS.DPR.Parks\ParksGIS.DPR.Property"</Process><Process ToolSource="C:\Program Files\ArcGIS\ArcToolbox\Toolboxes\Conversion Tools.tbx\FeatureClassToFeatureClass" Date="20100802" Time="150000">FeatureClassToFeatureClass "Database Connections\ParksGIS.sde\ParksGIS.DPR.Parks\ParksGIS.DPR.Property" "C:\Big Apps" Parks.shp # "ORGANIZATI 'ORGANIZATI' true true false 10 Text 0 0 ,First,#,Database Connections\ParksGIS.sde\ParksGIS.DPR.Parks\ParksGIS.DPR.Property,ORGANIZATION,-1,-1;STATUS 'STATUS' true true false 4 Text 0 0 ,First,#,Database Connections\ParksGIS.sde\ParksGIS.DPR.Parks\ParksGIS.DPR.Property,STATUS,-1,-1;TYPE 'TYPE' true true false 1 Text 0 0 ,First,#,Database Connections\ParksGIS.sde\ParksGIS.DPR.Parks\ParksGIS.DPR.Property,TYPE,-1,-1;GISPROPNUM 'GISPROPNUM' true true false 15 Text 0 0 ,First,#,Database Connections\ParksGIS.sde\ParksGIS.DPR.Parks\ParksGIS.DPR.Property,GISPROPNUM,-1,-1;OMPPROPID 'OMPPROPID' true true false 25 Text 0 0 ,First,#,Database Connections\ParksGIS.sde\ParksGIS.DPR.Parks\ParksGIS.DPR.Property,OMPPROPID,-1,-1;LOCATION 'LOCATION' true true false 100 Text 0 0 ,First,#,Database Connections\ParksGIS.sde\ParksGIS.DPR.Parks\ParksGIS.DPR.Property,LOCATION,-1,-1;JURISDICTI 'JURISDICTI' true true false 75 Text 0 0 ,First,#,Database Connections\ParksGIS.sde\ParksGIS.DPR.Parks\ParksGIS.DPR.Property,JURISDICTION,-1,-1;WATERFRONT 'WATERFRONT' true true false 5 Text 0 0 ,First,#,Database Connections\ParksGIS.sde\ParksGIS.DPR.Parks\ParksGIS.DPR.Property,WATERFRONT,-1,-1;MAPPED 'MAPPED' true true false 5 Text 0 0 ,First,#,Database Connections\ParksGIS.sde\ParksGIS.DPR.Parks\ParksGIS.DPR.Property,MAPPED,-1,-1;SIGNNAME 'SIGNNAME' true true false 100 Text 0 0 ,First,#,Database Connections\ParksGIS.sde\ParksGIS.DPR.Parks\ParksGIS.DPR.Property,SIGNNAME,-1,-1;BOROUGH 'BOROUGH' true true false 15 Text 0 0 ,First,#,Database Connections\ParksGIS.sde\ParksGIS.DPR.Parks\ParksGIS.DPR.Property,BOROUGH,-1,-1;Precinct 'Precinct' true true false 8 Double 8 38 ,First,#,Database Connections\ParksGIS.sde\ParksGIS.DPR.Parks\ParksGIS.DPR.Property,Precinct,-1,-1;ACRES 'ACRES' true true false 8 Double 3 38 ,First,#,Database Connections\ParksGIS.sde\ParksGIS.DPR.Parks\ParksGIS.DPR.Property,ACRES,-1,-1;SHAPE_area 'SHAPE_area' false false true 0 Double 0 0 ,First,#,Database Connections\ParksGIS.sde\ParksGIS.DPR.Parks\ParksGIS.DPR.Property,SHAPE.area,-1,-1;SHAPE_len 'SHAPE_len' false false true 0 Double 0 0 ,First,#,Database Connections\ParksGIS.sde\ParksGIS.DPR.Parks\ParksGIS.DPR.Property,SHAPE.len,-1,-1" # "C:\Big Apps\Parks.shp"</Process></lineage></DataProperties><SyncDate>20100802</SyncDate><SyncTime>14595900</SyncTime><ModDate>20100802</ModDate><ModTime>14595900</ModTime></Esri><idinfo><native Sync="TRUE">Microsoft Windows XP Version 5.1 (Build 2600) Service Pack 3; ESRI ArcCatalog 9.3.0.1770</native><descript><langdata Sync="TRUE">en</langdata><abstract>REQUIRED: A brief narrative summary of the data set.</abstract><purpose>REQUIRED: A summary of the intentions with which the data set was developed.</purpose></descript><citation><citeinfo><origin>REQUIRED: The name of an organization or individual that developed the data set.</origin><pubdate>REQUIRED: The date when the data set is published or otherwise made available for release.</pubdate><title Sync="TRUE">Parks</title><ftname Sync="TRUE">Parks</ftname><geoform Sync="TRUE">vector digital data</geoform><onlink Sync="TRUE">\\C10-1079\C$\Big Apps\Parks.shp</onlink></citeinfo></citation><timeperd><current>REQUIRED: The basis on which the time period of content information is determined.</current><timeinfo><sngdate><caldate>REQUIRED: The year (and optionally month, or month and day) for which the data set corresponds to the ground.</caldate></sngdate></timeinfo></timeperd><status><progress>REQUIRED: The state of the data set.</progress><update>REQUIRED: The frequency with which changes and additions are made to the data set after the initial data set is completed.</update></status><spdom><bounding><westbc Sync="TRUE">REQUIRED: Western-most coordinate of the limit of coverage expressed in longitude.</westbc><eastbc Sync="TRUE">REQUIRED: Eastern-most coordinate of the limit of coverage expressed in longitude.</eastbc><northbc Sync="TRUE">REQUIRED: Northern-most coordinate of the limit of coverage expressed in latitude.</northbc><southbc Sync="TRUE">REQUIRED: Southern-most coordinate of the limit of coverage expressed in latitude.</southbc></bounding></spdom><keywords><theme><themekt>REQUIRED: Reference to a formally registered thesaurus or a similar authoritative source of theme keywords.</themekt><themekey>REQUIRED: Common-use word or phrase used to describe the subject of the data set.</themekey></theme></keywords><accconst>REQUIRED: Restrictions and legal prerequisites for accessing the data set.</accconst><useconst>REQUIRED: Restrictions and legal prerequisites for using the data set after access is granted.</useconst><natvform Sync="TRUE">Shapefile</natvform></idinfo><dataIdInfo><envirDesc Sync="TRUE">Microsoft Windows XP Version 5.1 (Build 2600) Service Pack 3; ESRI ArcCatalog 9.3.0.1770</envirDesc><dataLang><languageCode Sync="TRUE" value="en"></languageCode></dataLang><idCitation><resTitle Sync="TRUE">Parks</resTitle><presForm><PresFormCd Sync="TRUE" value="005"></PresFormCd></presForm></idCitation><spatRpType><SpatRepTypCd Sync="TRUE" value="001"></SpatRepTypCd></spatRpType></dataIdInfo><metainfo><langmeta Sync="TRUE">en</langmeta><metstdn Sync="TRUE">FGDC Content Standards for Digital Geospatial Metadata</metstdn><metstdv Sync="TRUE">FGDC-STD-001-1998</metstdv><mettc Sync="TRUE">local time</mettc><metextns><onlink Sync="TRUE">http://www.esri.com/metadata/esriprof80.html</onlink><metprof Sync="TRUE">ESRI Metadata Profile</metprof></metextns><metc><cntinfo><cntorgp><cntper>REQUIRED: The person responsible for the metadata information.</cntper><cntorg>REQUIRED: The organization responsible for the metadata information.</cntorg></cntorgp><cntaddr><addrtype>REQUIRED: The mailing and/or physical address for the organization or individual.</addrtype><city>REQUIRED: The city of the address.</city><state>REQUIRED: The state or province of the address.</state><postal>REQUIRED: The ZIP or other postal code of the address.</postal></cntaddr><cntvoice>REQUIRED: The telephone number by which individuals can speak to the organization or individual.</cntvoice></cntinfo></metc><metd Sync="TRUE">20100802</metd></metainfo><mdLang><languageCode Sync="TRUE" value="en"></languageCode></mdLang><mdStanName Sync="TRUE">ISO 19115 Geographic Information - Metadata</mdStanName><mdStanVer Sync="TRUE">DIS_ESRI1.0</mdStanVer><mdChar><CharSetCd Sync="TRUE" value="004"></CharSetCd></mdChar><mdHrLv><ScopeCd Sync="TRUE" value="005"></ScopeCd></mdHrLv><mdHrLvName Sync="TRUE">dataset</mdHrLvName><distinfo><resdesc Sync="TRUE">Downloadable Data</resdesc><stdorder><digform><digtinfo><transize Sync="TRUE">0.000</transize><dssize Sync="TRUE">0.000</dssize></digtinfo></digform></stdorder></distinfo><distInfo><distributor><distorTran><onLineSrc><orDesc Sync="TRUE">002</orDesc><linkage Sync="TRUE">file://\\C10-1079\C$\Big Apps\Parks.shp</linkage><protocol Sync="TRUE">Local Area Network</protocol></onLineSrc><transSize Sync="TRUE">0.000</transSize></distorTran><distorFormat><formatName Sync="TRUE">Shapefile</formatName></distorFormat></distributor></distInfo><spdoinfo><direct Sync="TRUE">Vector</direct><ptvctinf><esriterm Name="Parks"><efeatyp Sync="TRUE">Simple</efeatyp><efeageom Sync="TRUE">Polygon</efeageom><esritopo Sync="TRUE">FALSE</esritopo><efeacnt Sync="TRUE">0</efeacnt><spindex Sync="TRUE">FALSE</spindex><linrefer Sync="TRUE">FALSE</linrefer></esriterm><sdtsterm Name="Parks"><sdtstype Sync="TRUE">G-polygon</sdtstype><ptvctcnt Sync="TRUE">0</ptvctcnt></sdtsterm></ptvctinf></spdoinfo><spref><horizsys><cordsysn><geogcsn Sync="TRUE">GCS_North_American_1983</geogcsn><projcsn Sync="TRUE">NAD_1983_StatePlane_New_York_Long_Island_FIPS_3104_Feet</projcsn></cordsysn><planar><mapproj><mapprojn Sync="TRUE">Lambert Conformal Conic</mapprojn><lambertc><stdparll Sync="TRUE">40.666667</stdparll><stdparll Sync="TRUE">41.033333</stdparll><longcm Sync="TRUE">-74.000000</longcm><latprjo Sync="TRUE">40.166667</latprjo><feast Sync="TRUE">984250.000000</feast><fnorth Sync="TRUE">0.000000</fnorth></lambertc></mapproj><planci><plance Sync="TRUE">coordinate pair</plance><plandu Sync="TRUE">survey feet</plandu><coordrep><absres Sync="TRUE">0.000000</absres><ordres Sync="TRUE">0.000000</ordres></coordrep></planci></planar><geodetic><horizdn Sync="TRUE">North American Datum of 1983</horizdn><ellips Sync="TRUE">Geodetic Reference System 80</ellips><semiaxis Sync="TRUE">6378137.000000</semiaxis><denflat Sync="TRUE">298.257222</denflat></geodetic></horizsys></spref><refSysInfo><RefSystem><refSysID><identCode Sync="TRUE">NAD_1983_StatePlane_New_York_Long_Island_FIPS_3104_Feet</identCode></refSysID></RefSystem></refSysInfo><spatRepInfo><VectSpatRep><topLvl><TopoLevCd Sync="TRUE" value="001"></TopoLevCd></topLvl><geometObjs Name="Parks"><geoObjTyp><GeoObjTypCd Sync="TRUE" value="001"></GeoObjTypCd></geoObjTyp><geoObjCnt Sync="TRUE">0</geoObjCnt></geometObjs></VectSpatRep></spatRepInfo><eainfo><detailed Name="Parks"><enttyp><enttypl Sync="TRUE">Parks</enttypl><enttypt Sync="TRUE">Feature Class</enttypt><enttypc Sync="TRUE">0</enttypc></enttyp><attr><attrlabl Sync="TRUE">FID</attrlabl><attalias Sync="TRUE">FID</attalias><attrtype Sync="TRUE">OID</attrtype><attwidth Sync="TRUE">4</attwidth><atprecis Sync="TRUE">0</atprecis><attscale Sync="TRUE">0</attscale><attrdef Sync="TRUE">Internal feature number.</attrdef><attrdefs Sync="TRUE">ESRI</attrdefs><attrdomv><udom Sync="TRUE">Sequential unique whole numbers that are automatically generated.</udom></attrdomv></attr><attr><attrlabl Sync="TRUE">Shape</attrlabl><attalias Sync="TRUE">Shape</attalias><attrtype Sync="TRUE">Geometry</attrtype><attwidth Sync="TRUE">0</attwidth><atprecis Sync="TRUE">0</atprecis><attscale Sync="TRUE">0</attscale><attrdef Sync="TRUE">Feature geometry.</attrdef><attrdefs Sync="TRUE">ESRI</attrdefs><attrdomv><udom Sync="TRUE">Coordinates defining the features.</udom></attrdomv></attr><attr><attrlabl Sync="TRUE">ORGANIZATI</attrlabl><attalias Sync="TRUE">ORGANIZATI</attalias><attrtype Sync="TRUE">String</attrtype><attwidth Sync="TRUE">10</attwidth></attr><attr><attrlabl Sync="TRUE">STATUS</attrlabl><attalias Sync="TRUE">STATUS</attalias><attrtype Sync="TRUE">String</attrtype><attwidth Sync="TRUE">4</attwidth></attr><attr><attrlabl Sync="TRUE">TYPE</attrlabl><attalias Sync="TRUE">TYPE</attalias><attrtype Sync="TRUE">String</attrtype><attwidth Sync="TRUE">1</attwidth></attr><attr><attrlabl Sync="TRUE">GISPROPNUM</attrlabl><attalias Sync="TRUE">GISPROPNUM</attalias><attrtype Sync="TRUE">String</attrtype><attwidth Sync="TRUE">15</attwidth></attr><attr><attrlabl Sync="TRUE">OMPPROPID</attrlabl><attalias Sync="TRUE">OMPPROPID</attalias><attrtype Sync="TRUE">String</attrtype><attwidth Sync="TRUE">25</attwidth></attr><attr><attrlabl Sync="TRUE">LOCATION</attrlabl><attalias Sync="TRUE">LOCATION</attalias><attrtype Sync="TRUE">String</attrtype><attwidth Sync="TRUE">100</attwidth></attr><attr><attrlabl Sync="TRUE">JURISDICTI</attrlabl><attalias Sync="TRUE">JURISDICTI</attalias><attrtype Sync="TRUE">String</attrtype><attwidth Sync="TRUE">75</attwidth></attr><attr><attrlabl Sync="TRUE">WATERFRONT</attrlabl><attalias Sync="TRUE">WATERFRONT</attalias><attrtype Sync="TRUE">String</attrtype><attwidth Sync="TRUE">5</attwidth></attr><attr><attrlabl Sync="TRUE">MAPPED</attrlabl><attalias Sync="TRUE">MAPPED</attalias><attrtype Sync="TRUE">String</attrtype><attwidth Sync="TRUE">5</attwidth></attr><attr><attrlabl Sync="TRUE">SIGNNAME</attrlabl><attalias Sync="TRUE">SIGNNAME</attalias><attrtype Sync="TRUE">String</attrtype><attwidth Sync="TRUE">100</attwidth></attr><attr><attrlabl Sync="TRUE">BOROUGH</attrlabl><attalias Sync="TRUE">BOROUGH</attalias><attrtype Sync="TRUE">String</attrtype><attwidth Sync="TRUE">15</attwidth></attr><attr><attrlabl Sync="TRUE">Precinct</attrlabl><attalias Sync="TRUE">Precinct</attalias><attrtype Sync="TRUE">Number</attrtype><attwidth Sync="TRUE">19</attwidth><atnumdec Sync="TRUE">8</atnumdec></attr><attr><attrlabl Sync="TRUE">ACRES</attrlabl><attalias Sync="TRUE">ACRES</attalias><attrtype Sync="TRUE">Number</attrtype><attwidth Sync="TRUE">19</attwidth><atnumdec Sync="TRUE">3</atnumdec></attr><attr><attrlabl Sync="TRUE">SHAPE_area</attrlabl><attalias Sync="TRUE">SHAPE_area</attalias><attrtype Sync="TRUE">Float</attrtype><attwidth Sync="TRUE">19</attwidth><attrdef Sync="TRUE">Area of feature in internal units squared.</attrdef><attrdefs Sync="TRUE">ESRI</attrdefs><attrdomv><udom Sync="TRUE">Positive real numbers that are automatically generated.</udom></attrdomv><atnumdec Sync="TRUE">11</atnumdec></attr><attr><attrlabl Sync="TRUE">SHAPE_len</attrlabl><attalias Sync="TRUE">SHAPE_len</attalias><attrtype Sync="TRUE">Float</attrtype><attwidth Sync="TRUE">19</attwidth><atnumdec Sync="TRUE">11</atnumdec></attr></detailed></eainfo><mdDateSt Sync="TRUE">20100802</mdDateSt></metadata>
